w_agree,w_share,t_high,t_low,action_accuracy,auto_route_precision,auto_route_coverage,clarify_rate,routing_accuracy
0.5,0.5,0.7,0.4,0.78125,0.9444444444444444,0.5625,0.1875,0.92
0.5,0.5,0.65,0.4,0.78125,0.9444444444444444,0.5625,0.1875,0.92
0.5,0.5,0.7,0.35,0.78125,0.9444444444444444,0.5625,0.1875,0.92
0.5,0.5,0.7,0.45,0.78125,0.9444444444444444,0.5625,0.1875,0.92
0.5,0.5,0.6,0.4,0.78125,0.9444444444444444,0.5625,0.1875,0.92
0.5,0.5,0.65,0.35,0.78125,0.9444444444444444,0.5625,0.1875,0.92
0.5,0.5,0.65,0.45,0.78125,0.9444444444444444,0.5625,0.1875,0.92
0.5,0.5,0.7,0.3,0.78125,0.9444444444444444,0.5625,0.1875,0.92
0.5,0.5,0.7,0.5,0.78125,0.9444444444444444,0.5625,0.1875,0.92
0.5,0.5,0.55,0.4,0.78125,0.9444444444444444,0.5625,0.1875,0.92
0.5,0.5,0.6,0.35,0.78125,0.9444444444444444,0.5625,0.1875,0.92
0.5,0.5,0.6,0.45,0.78125,0.9444444444444444,0.5625,0.1875,0.92
0.5,0.5,0.65,0.3,0.78125,0.9444444444444444,0.5625,0.1875,0.92
0.5,0.5,0.65,0.5,0.78125,0.9444444444444444,0.5625,0.1875,0.92
0.5,0.5,0.7,0.25,0.78125,0.9444444444444444,0.5625,0.1875,0.92
0.5,0.5,0.7,0.55,0.78125,0.9444444444444444,0.5625,0.1875,0.92
0.5,0.5,0.5,0.4,0.78125,0.9444444444444444,0.5625,0.1875,0.92
0.5,0.5,0.55,0.35,0.78125,0.9444444444444444,0.5625,0.1875,0.92
0.5,0.5,0.55,0.45,0.78125,0.9444444444444444,0.5625,0.1875,0.92
0.5,0.5,0.6,0.3,0.78125,0.9444444444444444,0.5625,0.1875,0.92
0.5,0.5,0.6,0.5,0.78125,0.9444444444444444,0.5625,0.1875,0.92
0.5,0.5,0.65,0.25,0.78125,0.9444444444444444,0.5625,0.1875,0.92
0.5,0.5,0.65,0.55,0.78125,0.9444444444444444,0.5625,0.1875,0.92
0.5,0.5,0.7,0.2,0.78125,0.9444444444444444,0.5625,0.1875,0.92
0.5,0.5,0.7,0.6,0.78125,0.9444444444444444,0.5625,0.1875,0.92
0.7,0.3,0.7,0.4,0.78125,0.9444444444444444,0.5625,0.1875,0.92
0.5,0.5,0.5,0.35,0.78125,0.9444444444444444,0.5625,0.1875,0.92
0.5,0.5,0.5,0.45,0.78125,0.9444444444444444,0.5625,0.1875,0.92
0.5,0.5,0.55,0.3,0.78125,0.9444444444444444,0.5625,0.1875,0.92
0.5,0.5,0.55,0.5,0.78125,0.9444444444444444,0.5625,0.1875,0.92
0.5,0.5,0.6,0.25,0.78125,0.9444444444444444,0.5625,0.1875,0.92
0.5,0.5,0.6,0.55,0.78125,0.9444444444444444,0.5625,0.1875,0.92
0.5,0.5,0.65,0.2,0.78125,0.9444444444444444,0.5625,0.1875,0.92
0.5,0.5,0.65,0.6,0.78125,0.9444444444444444,0.5625,0.1875,0.92
0.5,0.5,0.7,0.65,0.78125,0.9444444444444444,0.5625,0.1875,0.92
0.7,0.3,0.65,0.4,0.78125,0.9444444444444444,0.5625,0.1875,0.92
0.7,0.3,0.7,0.35,0.78125,0.9444444444444444,0.5625,0.1875,0.92
0.7,0.3,0.7,0.45,0.78125,0.9444444444444444,0.5625,0.1875,0.92
0.7,0.3,0.75,0.4,0.78125,0.9444444444444444,0.5625,0.1875,0.92
0.3,0.7,0.6,0.4,0.78125,0.9444444444444444,0.5625,0.1875,0.92
0.5,0.5,0.5,0.3,0.78125,0.9444444444444444,0.5625,0.1875,0.92
0.5,0.5,0.5,0.5,0.78125,0.9444444444444444,0.5625,0.1875,0.92
0.5,0.5,0.55,0.25,0.78125,0.9444444444444444,0.5625,0.1875,0.92
0.5,0.5,0.55,0.55,0.78125,0.9444444444444444,0.5625,0.1875,0.92
0.5,0.5,0.6,0.2,0.78125,0.9444444444444444,0.5625,0.1875,0.92
0.5,0.5,0.6,0.6,0.78125,0.9444444444444444,0.5625,0.1875,0.92
0.5,0.5,0.65,0.65,0.78125,0.9444444444444444,0.5625,0.1875,0.92
0.5,0.5,0.7,0.7,0.78125,0.9444444444444444,0.5625,0.1875,0.92
0.7,0.3,0.6,0.4,0.78125,0.9444444444444444,0.5625,0.1875,0.92
0.7,0.3,0.65,0.35,0.78125,0.9444444444444444,0.5625,0.1875,0.92
0.7,0.3,0.65,0.45,0.78125,0.9444444444444444,0.5625,0.1875,0.92
0.7,0.3,0.7,0.3,0.78125,0.9444444444444444,0.5625,0.1875,0.92
0.7,0.3,0.7,0.5,0.78125,0.9444444444444444,0.5625,0.1875,0.92
0.7,0.3,0.75,0.35,0.78125,0.9444444444444444,0.5625,0.1875,0.92
0.7,0.3,0.75,0.45,0.78125,0.9444444444444444,0.5625,0.1875,0.92
0.7,0.3,0.8,0.4,0.78125,0.9444444444444444,0.5625,0.1875,0.92
0.3,0.7,0.55,0.4,0.78125,0.9444444444444444,0.5625,0.1875,0.92
0.3,0.7,0.6,0.35,0.78125,0.9444444444444444,0.5625,0.1875,0.92
0.3,0.7,0.6,0.45,0.78125,0.9444444444444444,0.5625,0.1875,0.92
0.5,0.5,0.5,0.25,0.78125,0.9444444444444444,0.5625,0.1875,0.92
0.5,0.5,0.55,0.2,0.78125,0.9444444444444444,0.5625,0.1875,0.92
0.7,0.3,0.55,0.4,0.78125,0.9444444444444444,0.5625,0.1875,0.92
0.7,0.3,0.6,0.35,0.78125,0.9444444444444444,0.5625,0.1875,0.92
0.7,0.3,0.6,0.45,0.78125,0.9444444444444444,0.5625,0.1875,0.92
0.7,0.3,0.65,0.3,0.78125,0.9444444444444444,0.5625,0.1875,0.92
0.7,0.3,0.65,0.5,0.78125,0.9444444444444444,0.5625,0.1875,0.92
0.7,0.3,0.7,0.25,0.78125,0.9444444444444444,0.5625,0.1875,0.92
0.7,0.3,0.7,0.55,0.78125,0.9444444444444444,0.5625,0.1875,0.92
0.7,0.3,0.75,0.3,0.78125,0.9444444444444444,0.5625,0.1875,0.92
0.7,0.3,0.75,0.5,0.78125,0.9444444444444444,0.5625,0.1875,0.92
0.7,0.3,0.8,0.35,0.78125,0.9444444444444444,0.5625,0.1875,0.92
0.7,0.3,0.8,0.45,0.78125,0.9444444444444444,0.5625,0.1875,0.92
0.3,0.7,0.5,0.4,0.78125,0.9444444444444444,0.5625,0.1875,0.92
0.3,0.7,0.55,0.35,0.78125,0.9444444444444444,0.5625,0.1875,0.92
0.3,0.7,0.55,0.45,0.78125,0.9444444444444444,0.5625,0.1875,0.92
0.3,0.7,0.6,0.3,0.78125,0.9444444444444444,0.5625,0.1875,0.92
0.3,0.7,0.6,0.5,0.78125,0.9444444444444444,0.5625,0.1875,0.92
0.5,0.5,0.5,0.2,0.78125,0.9444444444444444,0.5625,0.1875,0.92
0.7,0.3,0.5,0.4,0.78125,0.9444444444444444,0.5625,0.1875,0.92
0.7,0.3,0.55,0.35,0.78125,0.9444444444444444,0.5625,0.1875,0.92
0.7,0.3,0.55,0.45,0.78125,0.9444444444444444,0.5625,0.1875,0.92
0.7,0.3,0.6,0.3,0.78125,0.9444444444444444,0.5625,0.1875,0.92
0.7,0.3,0.6,0.5,0.78125,0.9444444444444444,0.5625,0.1875,0.92
0.7,0.3,0.65,0.25,0.78125,0.9444444444444444,0.5625,0.1875,0.92
0.7,0.3,0.65,0.55,0.78125,0.9444444444444444,0.5625,0.1875,0.92
0.7,0.3,0.7,0.2,0.78125,0.9444444444444444,0.5625,0.1875,0.92
0.7,0.3,0.7,0.6,0.78125,0.9444444444444444,0.5625,0.1875,0.92
0.7,0.3,0.75,0.25,0.78125,0.9444444444444444,0.5625,0.1875,0.92
0.7,0.3,0.75,0.55,0.78125,0.9444444444444444,0.5625,0.1875,0.92
0.7,0.3,0.8,0.3,0.78125,0.9444444444444444,0.5625,0.1875,0.92
0.7,0.3,0.8,0.5,0.78125,0.9444444444444444,0.5625,0.1875,0.92
0.3,0.7,0.5,0.35,0.78125,0.9444444444444444,0.5625,0.1875,0.92
0.3,0.7,0.5,0.45,0.78125,0.9444444444444444,0.5625,0.1875,0.92
0.3,0.7,0.55,0.3,0.78125,0.9444444444444444,0.5625,0.1875,0.92
0.3,0.7,0.55,0.5,0.78125,0.9444444444444444,0.5625,0.1875,0.92
0.3,0.7,0.6,0.25,0.78125,0.9444444444444444,0.5625,0.1875,0.92
0.3,0.7,0.6,0.55,0.78125,0.9444444444444444,0.5625,0.1875,0.92
0.7,0.3,0.5,0.35,0.78125,0.9444444444444444,0.5625,0.1875,0.92
0.7,0.3,0.5,0.45,0.78125,0.9444444444444444,0.5625,0.1875,0.92
0.7,0.3,0.55,0.3,0.78125,0.9444444444444444,0.5625,0.1875,0.92
0.7,0.3,0.55,0.5,0.78125,0.9444444444444444,0.5625,0.1875,0.92
0.7,0.3,0.6,0.25,0.78125,0.9444444444444444,0.5625,0.1875,0.92
0.7,0.3,0.6,0.55,0.78125,0.9444444444444444,0.5625,0.1875,0.92
0.7,0.3,0.65,0.2,0.78125,0.9444444444444444,0.5625,0.1875,0.92
0.7,0.3,0.65,0.6,0.78125,0.9444444444444444,0.5625,0.1875,0.92
0.7,0.3,0.7,0.65,0.78125,0.9444444444444444,0.5625,0.1875,0.92
0.7,0.3,0.75,0.2,0.78125,0.9444444444444444,0.5625,0.1875,0.92
0.7,0.3,0.75,0.6,0.78125,0.9444444444444444,0.5625,0.1875,0.92
0.7,0.3,0.8,0.25,0.78125,0.9444444444444444,0.5625,0.1875,0.92
0.7,0.3,0.8,0.55,0.78125,0.9444444444444444,0.5625,0.1875,0.92
0.3,0.7,0.5,0.3,0.78125,0.9444444444444444,0.5625,0.1875,0.92
0.3,0.7,0.5,0.5,0.78125,0.9444444444444444,0.5625,0.1875,0.92
0.3,0.7,0.55,0.25,0.78125,0.9444444444444444,0.5625,0.1875,0.92
0.3,0.7,0.55,0.55,0.78125,0.9444444444444444,0.5625,0.1875,0.92
0.3,0.7,0.6,0.6,0.78125,0.9444444444444444,0.5625,0.1875,0.92
0.7,0.3,0.5,0.3,0.78125,0.9444444444444444,0.5625,0.1875,0.92
0.7,0.3,0.5,0.5,0.78125,0.9444444444444444,0.5625,0.1875,0.92
0.7,0.3,0.55,0.25,0.78125,0.9444444444444444,0.5625,0.1875,0.92
0.7,0.3,0.55,0.55,0.78125,0.9444444444444444,0.5625,0.1875,0.92
0.7,0.3,0.6,0.2,0.78125,0.9444444444444444,0.5625,0.1875,0.92
0.7,0.3,0.6,0.6,0.78125,0.9444444444444444,0.5625,0.1875,0.92
0.7,0.3,0.65,0.65,0.78125,0.9444444444444444,0.5625,0.1875,0.92
0.7,0.3,0.7,0.7,0.78125,0.9444444444444444,0.5625,0.1875,0.92
0.7,0.3,0.75,0.65,0.78125,0.9444444444444444,0.5625,0.1875,0.92
0.7,0.3,0.8,0.2,0.78125,0.9444444444444444,0.5625,0.1875,0.92
0.7,0.3,0.8,0.6,0.78125,0.9444444444444444,0.5625,0.1875,0.92
0.3,0.7,0.5,0.25,0.78125,0.9444444444444444,0.5625,0.1875,0.92
0.7,0.3,0.5,0.25,0.78125,0.9444444444444444,0.5625,0.1875,0.92
0.7,0.3,0.55,0.2,0.78125,0.9444444444444444,0.5625,0.1875,0.92
0.7,0.3,0.75,0.7,0.78125,0.9444444444444444,0.5625,0.1875,0.92
0.7,0.3,0.8,0.65,0.78125,0.9444444444444444,0.5625,0.1875,0.92
0.7,0.3,0.5,0.2,0.78125,0.9444444444444444,0.5625,0.1875,0.92
0.7,0.3,0.75,0.75,0.78125,0.9444444444444444,0.5625,0.1875,0.92
0.7,0.3,0.8,0.7,0.78125,0.9444444444444444,0.5625,0.1875,0.92
0.7,0.3,0.8,0.75,0.78125,0.9444444444444444,0.5625,0.1875,0.92
0.7,0.3,0.8,0.8,0.78125,0.9444444444444444,0.5625,0.1875,0.92
0.3,0.7,0.6,0.2,0.78125,0.9444444444444444,0.5625,0.21875,0.92
0.3,0.7,0.55,0.2,0.78125,0.9444444444444444,0.5625,0.21875,0.92
0.3,0.7,0.5,0.2,0.78125,0.9444444444444444,0.5625,0.21875,0.92
0.5,0.5,0.75,0.75,0.75,0.9333333333333333,0.46875,0.1875,0.92
0.3,0.7,0.7,0.65,0.75,0.9333333333333333,0.46875,0.1875,0.92
0.3,0.7,0.65,0.65,0.75,0.9333333333333333,0.46875,0.1875,0.92
0.3,0.7,0.7,0.7,0.75,0.9333333333333333,0.46875,0.1875,0.92
0.7,0.3,0.85,0.85,0.75,0.9333333333333333,0.46875,0.1875,0.92
0.5,0.5,0.8,0.8,0.71875,0.875,0.25,0.1875,0.92
0.5,0.5,0.85,0.8,0.71875,0.875,0.25,0.1875,0.92
0.3,0.7,0.75,0.75,0.71875,0.875,0.25,0.1875,0.92
0.5,0.5,0.85,0.85,0.71875,0.875,0.25,0.1875,0.92
0.3,0.7,0.8,0.75,0.71875,0.875,0.25,0.1875,0.92
0.3,0.7,0.8,0.8,0.71875,0.875,0.25,0.1875,0.92
0.7,0.3,0.9,0.9,0.71875,0.875,0.25,0.1875,0.92
0.5,0.5,0.75,0.4,0.65625,0.9333333333333333,0.46875,0.3125,0.92
0.5,0.5,0.75,0.35,0.65625,0.9333333333333333,0.46875,0.3125,0.92
0.5,0.5,0.75,0.45,0.65625,0.9333333333333333,0.46875,0.3125,0.92
0.5,0.5,0.75,0.3,0.65625,0.9333333333333333,0.46875,0.3125,0.92
0.5,0.5,0.75,0.5,0.65625,0.9333333333333333,0.46875,0.3125,0.92
0.3,0.7,0.7,0.4,0.65625,0.9333333333333333,0.46875,0.3125,0.92
0.5,0.5,0.75,0.25,0.65625,0.9333333333333333,0.46875,0.3125,0.92
0.5,0.5,0.75,0.55,0.65625,0.9333333333333333,0.46875,0.3125,0.92
0.3,0.7,0.65,0.4,0.65625,0.9333333333333333,0.46875,0.3125,0.92
0.3,0.7,0.7,0.35,0.65625,0.9333333333333333,0.46875,0.3125,0.92
0.3,0.7,0.7,0.45,0.65625,0.9333333333333333,0.46875,0.3125,0.92
0.5,0.5,0.75,0.2,0.65625,0.9333333333333333,0.46875,0.3125,0.92
0.5,0.5,0.75,0.6,0.65625,0.9333333333333333,0.46875,0.3125,0.92
0.3,0.7,0.65,0.35,0.65625,0.9333333333333333,0.46875,0.3125,0.92
0.3,0.7,0.65,0.45,0.65625,0.9333333333333333,0.46875,0.3125,0.92
0.3,0.7,0.7,0.3,0.65625,0.9333333333333333,0.46875,0.3125,0.92
0.3,0.7,0.7,0.5,0.65625,0.9333333333333333,0.46875,0.3125,0.92
0.5,0.5,0.75,0.65,0.65625,0.9333333333333333,0.46875,0.3125,0.92
0.3,0.7,0.65,0.3,0.65625,0.9333333333333333,0.46875,0.3125,0.92
0.3,0.7,0.65,0.5,0.65625,0.9333333333333333,0.46875,0.3125,0.92
0.3,0.7,0.7,0.25,0.65625,0.9333333333333333,0.46875,0.3125,0.92
0.3,0.7,0.7,0.55,0.65625,0.9333333333333333,0.46875,0.3125,0.92
0.5,0.5,0.75,0.7,0.65625,0.9333333333333333,0.46875,0.3125,0.92
0.7,0.3,0.85,0.4,0.65625,0.9333333333333333,0.46875,0.3125,0.92
0.3,0.7,0.65,0.25,0.65625,0.9333333333333333,0.46875,0.3125,0.92
0.3,0.7,0.65,0.55,0.65625,0.9333333333333333,0.46875,0.3125,0.92
0.3,0.7,0.7,0.6,0.65625,0.9333333333333333,0.46875,0.3125,0.92
0.7,0.3,0.85,0.35,0.65625,0.9333333333333333,0.46875,0.3125,0.92
0.7,0.3,0.85,0.45,0.65625,0.9333333333333333,0.46875,0.3125,0.92
0.3,0.7,0.65,0.6,0.65625,0.9333333333333333,0.46875,0.3125,0.92
0.7,0.3,0.85,0.3,0.65625,0.9333333333333333,0.46875,0.3125,0.92
0.7,0.3,0.85,0.5,0.65625,0.9333333333333333,0.46875,0.3125,0.92
0.7,0.3,0.85,0.25,0.65625,0.9333333333333333,0.46875,0.3125,0.92
0.7,0.3,0.85,0.55,0.65625,0.9333333333333333,0.46875,0.3125,0.92
0.7,0.3,0.85,0.2,0.65625,0.9333333333333333,0.46875,0.3125,0.92
0.7,0.3,0.85,0.6,0.65625,0.9333333333333333,0.46875,0.3125,0.92
0.7,0.3,0.85,0.65,0.65625,0.9333333333333333,0.46875,0.3125,0.92
0.7,0.3,0.85,0.7,0.65625,0.9333333333333333,0.46875,0.3125,0.92
0.7,0.3,0.85,0.75,0.65625,0.9333333333333333,0.46875,0.3125,0.92
0.7,0.3,0.85,0.8,0.65625,0.9333333333333333,0.46875,0.3125,0.92
0.3,0.7,0.7,0.2,0.65625,0.9333333333333333,0.46875,0.34375,0.92
0.3,0.7,0.65,0.2,0.65625,0.9333333333333333,0.46875,0.34375,0.92
0.5,0.5,0.9,0.9,0.65625,0.5,0.0625,0.1875,0.92
0.3,0.7,0.85,0.85,0.65625,0.5,0.0625,0.1875,0.92
0.3,0.7,0.9,0.85,0.65625,0.5,0.0625,0.1875,0.92
0.3,0.7,0.9,0.9,0.65625,0.5,0.0625,0.1875,0.92
0.7,0.3,0.95,0.95,0.65625,0.5,0.0625,0.1875,0.92
0.5,0.5,0.95,0.95,0.625,,0.0,0.1875,0.92
0.3,0.7,0.95,0.95,0.625,,0.0,0.1875,0.92
0.5,0.5,0.95,0.9,0.625,,0.0,0.25,0.92
0.3,0.7,0.95,0.85,0.625,,0.0,0.25,0.92
0.3,0.7,0.95,0.9,0.625,,0.0,0.25,0.92
0.5,0.5,0.8,0.75,0.59375,0.875,0.25,0.375,0.92
0.3,0.7,0.75,0.65,0.59375,0.875,0.25,0.375,0.92
0.5,0.5,0.85,0.75,0.59375,0.875,0.25,0.375,0.92
0.3,0.7,0.75,0.7,0.59375,0.875,0.25,0.375,0.92
0.3,0.7,0.8,0.65,0.59375,0.875,0.25,0.375,0.92
0.3,0.7,0.8,0.7,0.59375,0.875,0.25,0.375,0.92
0.7,0.3,0.9,0.85,0.59375,0.875,0.25,0.375,0.92
0.5,0.5,0.9,0.8,0.59375,0.5,0.0625,0.34375,0.92
0.5,0.5,0.9,0.85,0.59375,0.5,0.0625,0.34375,0.92
0.3,0.7,0.85,0.75,0.59375,0.5,0.0625,0.34375,0.92
0.3,0.7,0.85,0.8,0.59375,0.5,0.0625,0.34375,0.92
0.3,0.7,0.9,0.75,0.59375,0.5,0.0625,0.34375,0.92
0.3,0.7,0.9,0.8,0.59375,0.5,0.0625,0.34375,0.92
0.7,0.3,0.95,0.9,0.59375,0.5,0.0625,0.34375,0.92
0.5,0.5,0.95,0.8,0.5625,,0.0,0.40625,0.92
0.5,0.5,0.95,0.85,0.5625,,0.0,0.40625,0.92
0.3,0.7,0.95,0.75,0.5625,,0.0,0.40625,0.92
0.3,0.7,0.95,0.8,0.5625,,0.0,0.40625,0.92
0.3,0.7,0.75,0.2,0.53125,0.875,0.25,0.5625,0.92
0.3,0.7,0.8,0.2,0.53125,0.875,0.25,0.5625,0.92
0.5,0.5,0.8,0.4,0.5,0.875,0.25,0.5,0.92
0.5,0.5,0.8,0.35,0.5,0.875,0.25,0.5,0.92
0.5,0.5,0.8,0.45,0.5,0.875,0.25,0.5,0.92
0.5,0.5,0.85,0.4,0.5,0.875,0.25,0.5,0.92
0.5,0.5,0.8,0.3,0.5,0.875,0.25,0.5,0.92
0.5,0.5,0.8,0.5,0.5,0.875,0.25,0.5,0.92
0.5,0.5,0.85,0.35,0.5,0.875,0.25,0.5,0.92
0.5,0.5,0.85,0.45,0.5,0.875,0.25,0.5,0.92
0.3,0.7,0.75,0.4,0.5,0.875,0.25,0.5,0.92
0.5,0.5,0.8,0.25,0.5,0.875,0.25,0.5,0.92
0.5,0.5,0.8,0.55,0.5,0.875,0.25,0.5,0.92
0.5,0.5,0.85,0.3,0.5,0.875,0.25,0.5,0.92
0.5,0.5,0.85,0.5,0.5,0.875,0.25,0.5,0.92
0.3,0.7,0.75,0.35,0.5,0.875,0.25,0.5,0.92
0.3,0.7,0.75,0.45,0.5,0.875,0.25,0.5,0.92
0.3,0.7,0.8,0.4,0.5,0.875,0.25,0.5,0.92
0.5,0.5,0.8,0.2,0.5,0.875,0.25,0.5,0.92
0.5,0.5,0.8,0.6,0.5,0.875,0.25,0.5,0.92
0.5,0.5,0.85,0.25,0.5,0.875,0.25,0.5,0.92
0.5,0.5,0.85,0.55,0.5,0.875,0.25,0.5,0.92
0.3,0.7,0.75,0.3,0.5,0.875,0.25,0.5,0.92
0.3,0.7,0.75,0.5,0.5,0.875,0.25,0.5,0.92
0.3,0.7,0.8,0.35,0.5,0.875,0.25,0.5,0.92
0.3,0.7,0.8,0.45,0.5,0.875,0.25,0.5,0.92
0.5,0.5,0.8,0.65,0.5,0.875,0.25,0.5,0.92
0.5,0.5,0.85,0.2,0.5,0.875,0.25,0.5,0.92
0.5,0.5,0.85,0.6,0.5,0.875,0.25,0.5,0.92
0.3,0.7,0.75,0.25,0.5,0.875,0.25,0.5,0.92
0.3,0.7,0.75,0.55,0.5,0.875,0.25,0.5,0.92
0.3,0.7,0.8,0.3,0.5,0.875,0.25,0.5,0.92
0.3,0.7,0.8,0.5,0.5,0.875,0.25,0.5,0.92
0.5,0.5,0.8,0.7,0.5,0.875,0.25,0.5,0.92
0.5,0.5,0.85,0.65,0.5,0.875,0.25,0.5,0.92
0.7,0.3,0.9,0.4,0.5,0.875,0.25,0.5,0.92
0.3,0.7,0.75,0.6,0.5,0.875,0.25,0.5,0.92
0.3,0.7,0.8,0.25,0.5,0.875,0.25,0.5,0.92
0.3,0.7,0.8,0.55,0.5,0.875,0.25,0.5,0.92
0.5,0.5,0.85,0.7,0.5,0.875,0.25,0.5,0.92
0.7,0.3,0.9,0.35,0.5,0.875,0.25,0.5,0.92
0.7,0.3,0.9,0.45,0.5,0.875,0.25,0.5,0.92
0.3,0.7,0.8,0.6,0.5,0.875,0.25,0.5,0.92
0.7,0.3,0.9,0.3,0.5,0.875,0.25,0.5,0.92
0.7,0.3,0.9,0.5,0.5,0.875,0.25,0.5,0.92
0.7,0.3,0.9,0.25,0.5,0.875,0.25,0.5,0.92
0.7,0.3,0.9,0.55,0.5,0.875,0.25,0.5,0.92
0.7,0.3,0.9,0.2,0.5,0.875,0.25,0.5,0.92
0.7,0.3,0.9,0.6,0.5,0.875,0.25,0.5,0.92
0.7,0.3,0.9,0.65,0.5,0.875,0.25,0.5,0.92
0.7,0.3,0.9,0.7,0.5,0.875,0.25,0.5,0.92
0.7,0.3,0.9,0.75,0.5,0.875,0.25,0.5,0.92
0.7,0.3,0.9,0.8,0.5,0.875,0.25,0.5,0.92
0.5,0.5,0.9,0.75,0.46875,0.5,0.0625,0.53125,0.92
0.3,0.7,0.85,0.65,0.46875,0.5,0.0625,0.53125,0.92
0.3,0.7,0.85,0.7,0.46875,0.5,0.0625,0.53125,0.92
0.3,0.7,0.9,0.65,0.46875,0.5,0.0625,0.53125,0.92
0.3,0.7,0.9,0.7,0.46875,0.5,0.0625,0.53125,0.92
0.7,0.3,0.95,0.85,0.46875,0.5,0.0625,0.53125,0.92
0.5,0.5,0.95,0.75,0.4375,,0.0,0.59375,0.92
0.3,0.7,0.95,0.65,0.4375,,0.0,0.59375,0.92
0.3,0.7,0.95,0.7,0.4375,,0.0,0.59375,0.92
0.5,0.5,0.9,0.4,0.375,0.5,0.0625,0.65625,0.92
0.5,0.5,0.9,0.35,0.375,0.5,0.0625,0.65625,0.92
0.5,0.5,0.9,0.45,0.375,0.5,0.0625,0.65625,0.92
0.5,0.5,0.9,0.3,0.375,0.5,0.0625,0.65625,0.92
0.5,0.5,0.9,0.5,0.375,0.5,0.0625,0.65625,0.92
0.3,0.7,0.85,0.4,0.375,0.5,0.0625,0.65625,0.92
0.5,0.5,0.9,0.25,0.375,0.5,0.0625,0.65625,0.92
0.5,0.5,0.9,0.55,0.375,0.5,0.0625,0.65625,0.92
0.3,0.7,0.85,0.35,0.375,0.5,0.0625,0.65625,0.92
0.3,0.7,0.85,0.45,0.375,0.5,0.0625,0.65625,0.92
0.3,0.7,0.9,0.4,0.375,0.5,0.0625,0.65625,0.92
0.5,0.5,0.9,0.2,0.375,0.5,0.0625,0.65625,0.92
0.5,0.5,0.9,0.6,0.375,0.5,0.0625,0.65625,0.92
0.3,0.7,0.85,0.3,0.375,0.5,0.0625,0.65625,0.92
0.3,0.7,0.85,0.5,0.375,0.5,0.0625,0.65625,0.92
0.3,0.7,0.9,0.35,0.375,0.5,0.0625,0.65625,0.92
0.3,0.7,0.9,0.45,0.375,0.5,0.0625,0.65625,0.92
0.5,0.5,0.9,0.65,0.375,0.5,0.0625,0.65625,0.92
0.7,0.3,0.95,0.4,0.375,0.5,0.0625,0.65625,0.92
0.3,0.7,0.85,0.25,0.375,0.5,0.0625,0.65625,0.92
0.3,0.7,0.85,0.55,0.375,0.5,0.0625,0.65625,0.92
0.3,0.7,0.9,0.3,0.375,0.5,0.0625,0.65625,0.92
0.3,0.7,0.9,0.5,0.375,0.5,0.0625,0.65625,0.92
0.5,0.5,0.9,0.7,0.375,0.5,0.0625,0.65625,0.92
0.7,0.3,0.95,0.35,0.375,0.5,0.0625,0.65625,0.92
0.7,0.3,0.95,0.45,0.375,0.5,0.0625,0.65625,0.92
0.3,0.7,0.85,0.6,0.375,0.5,0.0625,0.65625,0.92
0.3,0.7,0.9,0.25,0.375,0.5,0.0625,0.65625,0.92
0.3,0.7,0.9,0.55,0.375,0.5,0.0625,0.65625,0.92
0.7,0.3,0.95,0.3,0.375,0.5,0.0625,0.65625,0.92
0.7,0.3,0.95,0.5,0.375,0.5,0.0625,0.65625,0.92
0.3,0.7,0.9,0.6,0.375,0.5,0.0625,0.65625,0.92
0.7,0.3,0.95,0.25,0.375,0.5,0.0625,0.65625,0.92
0.7,0.3,0.95,0.55,0.375,0.5,0.0625,0.65625,0.92
0.7,0.3,0.95,0.2,0.375,0.5,0.0625,0.65625,0.92
0.7,0.3,0.95,0.6,0.375,0.5,0.0625,0.65625,0.92
0.7,0.3,0.95,0.65,0.375,0.5,0.0625,0.65625,0.92
0.7,0.3,0.95,0.7,0.375,0.5,0.0625,0.65625,0.92
0.7,0.3,0.95,0.75,0.375,0.5,0.0625,0.65625,0.92
0.7,0.3,0.95,0.8,0.375,0.5,0.0625,0.65625,0.92
0.3,0.7,0.85,0.2,0.375,0.5,0.0625,0.75,0.92
0.3,0.7,0.9,0.2,0.375,0.5,0.0625,0.75,0.92
0.5,0.5,0.95,0.4,0.34375,,0.0,0.71875,0.92
0.5,0.5,0.95,0.35,0.34375,,0.0,0.71875,0.92
0.5,0.5,0.95,0.45,0.34375,,0.0,0.71875,0.92
0.5,0.5,0.95,0.3,0.34375,,0.0,0.71875,0.92
0.5,0.5,0.95,0.5,0.34375,,0.0,0.71875,0.92
0.5,0.5,0.95,0.25,0.34375,,0.0,0.71875,0.92
0.5,0.5,0.95,0.55,0.34375,,0.0,0.71875,0.92
0.3,0.7,0.95,0.4,0.34375,,0.0,0.71875,0.92
0.5,0.5,0.95,0.2,0.34375,,0.0,0.71875,0.92
0.5,0.5,0.95,0.6,0.34375,,0.0,0.71875,0.92
0.3,0.7,0.95,0.35,0.34375,,0.0,0.71875,0.92
0.3,0.7,0.95,0.45,0.34375,,0.0,0.71875,0.92
0.5,0.5,0.95,0.65,0.34375,,0.0,0.71875,0.92
0.3,0.7,0.95,0.3,0.34375,,0.0,0.71875,0.92
0.3,0.7,0.95,0.5,0.34375,,0.0,0.71875,0.92
0.5,0.5,0.95,0.7,0.34375,,0.0,0.71875,0.92
0.3,0.7,0.95,0.25,0.34375,,0.0,0.71875,0.92
0.3,0.7,0.95,0.55,0.34375,,0.0,0.71875,0.92
0.3,0.7,0.95,0.6,0.34375,,0.0,0.71875,0.92
0.3,0.7,0.95,0.2,0.34375,,0.0,0.8125,0.92
